,Title,Artist1,Words1,Music1,Arrangement,Album,TrackNum,TotalTracks,YouTube,Length
0,Lovin’ Life,Kenneth Cope,Kenneth Cope,Kenneth Cope,,EFY 1986: Lovin’ Life (1986),1,1,,
1,Sailin’ Home,Michael Webb,Michael Webb,Michael Webb,,EFY 1987: Sailin’ Home (1987),1,10,,
2,Stay Out of Deep Water,Kenneth Cope,Kenneth Cope,Kenneth Cope,,EFY 1987: Sailin’ Home (1987),2,10,,
3,Footprints in the Sand,Julie de Azevedo,Barbara Tanner; Randy Thorderson,Barbara Tanner; Randy Thorderson,,EFY 1987: Sailin’ Home (1987),3,10,,
4,Ups and Downs,Kenneth Cope,Kenneth Cope,Kenneth Cope,,EFY 1987: Sailin’ Home (1987),4,10,,
5,Let the World Dance,Julie de Azevedo,Barbara Tanner; Julie de Azevedo; Lex de Azevedo,Barbara Tanner; Julie de Azevedo; Lex de Azevedo,,EFY 1987: Sailin’ Home (1987),5,10,,
6,Time to Sail On,Felicia Sorensen Wolfe,Barbara Tanner; Lex de Azevedo,Barbara Tanner; Lex de Azevedo,,EFY 1987: Sailin’ Home (1987),6,10,,
7,Eye of the Storm,Michael Webb,Gale Hollaway; Vaughn Johnson,Gale Hollaway; Vaughn Johnson,,EFY 1987: Sailin’ Home (1987),7,10,,
8,There’s No Guarantee,Kenneth Cope,Kenneth Cope,Kenneth Cope,,EFY 1987: Sailin’ Home (1987),8,10,,
9,Like a Lighthouse,Michael Webb,Michael Webb,Michael Webb,,EFY 1987: Sailin’ Home (1987),9,10,,
10,Part of Me,Julie de Azevedo,Barbara Tanner; Julie de Azevedo; Lex de Azevedo,Barbara Tanner; Julie de Azevedo; Lex de Azevedo,,EFY 1987: Sailin’ Home (1987),10,10,,
11,Win the Race,The Friends,Lex de Azevedo; Michael Webb,Lex de Azevedo,,EFY 1988: Win the Race (1988),1,10,,
12,Born a Winner,Julie de Azevedo,Lex de Azevedo; Michael Webb,Lex de Azevedo,,EFY 1988: Win the Race (1988),2,10,,
13,With You Until the End,Michael Webb,Michael Webb,Michael Webb,,EFY 1988: Win the Race (1988),3,10,,
14,From the Sidelines,Randy Thorderson,Barbara Tanner,Lex de Azevedo,,EFY 1988: Win the Race (1988),4,10,,
15,Never a Better Hero,Kenneth Cope,Kenneth Cope,Kenneth Cope,,EFY 1988: Win the Race (1988),5,10,,
16,Don’t Ever Stop,Michael Webb,Michael Webb,Michael Webb; Dan Truman,,EFY 1988: Win the Race (1988),6,10,,
17,You’ll Be There,Julie de Azevedo,Randy Thorderson,Randy Thorderson,,EFY 1988: Win the Race (1988),7,10,,
18,Behind You All the Way,Kenneth Cope,Kenneth Cope,Kenneth Cope,,EFY 1988: Win the Race (1988),8,10,,
19,He Gave His Life for Me,Julie de Azevedo,Julie de Azevedo; Lex de Azevedo,Lex de Azevedo,,EFY 1988: Win the Race (1988),9,10,,
20,Love Song to Life,The Friends,Carol Lynn Pearson,Lex de Azevedo,,EFY 1988: Win the Race (1988),10,10,,
21,Forever My Friend,The Friends,Carol Lynn Pearson,Lex de Azevedo,,EFY 1989: Forever My Friend (1989),1,10,,
22,Everybody Needs a Friend,Michael Webb,Michael Webb,Michael Webb,,EFY 1989: Forever My Friend (1989),2,10,,
23,Friends Stick Together,Kenneth Cope,Kenneth Cope,Kenneth Cope,,EFY 1989: Forever My Friend (1989),3,10,,
24,Cradle Me,Sue Krupa,Sue Krupa,Sue Krupa,,EFY 1989: Forever My Friend (1989),4,10,,
25,Mirrors,Randy Thorderson,Kenneth B. Powell; Randy Thorderson,Randy Thorderson,,EFY 1989: Forever My Friend (1989),5,10,,
26,Keep Holdin’ On,Rich Gibbons,Rich Gibbons,Rich Gibbons; Barry Gibbons,,EFY 1989: Forever My Friend (1989),6,10,,
27,"For You, For Me",Sue Krupa; Randy Thonderson,Randy Thorderson,Randy Thorderson,,EFY 1989: Forever My Friend (1989),7,10,,
28,This Song,Julie de Azevedo,Julie de Azevedo,Julie de Azevedo; Lex de Azevedo,,EFY 1989: Forever My Friend (1989),8,10,,
29,Greater Love,Kenneth Cope,Kenneth Cope,Kenneth Cope,,EFY 1989: Forever My Friend (1989),9,10,,
30,See You There,Julie de Azevedo,Julie de Azevedo,Julie de Azevedo; Lex de Azevedo,,EFY 1989: Forever My Friend (1989),10,10,,
31,Learning for Myself,Kenneth Cope,Kenneth Cope,Kenneth Cope,,EFY 1990: Learning for Myself (1990),1,10,,
32,You’ve Got to Know,Rich Gibbons,Rich Gibbons,Rich Gibbons,,EFY 1990: Learning for Myself (1990),2,10,,
33,In Some Quiet Moment,Janine Lindsay,Clive Romney,Clive Romney,,EFY 1990: Learning for Myself (1990),3,10,,
34,It’s a Jungle Out There,Walt Gregory; Johanne F. Perry; Melinda Larsen,Barbara Tanner,Clive Romney,,EFY 1990: Learning for Myself (1990),4,10,,
35,More Than Just a Man,Julie de Azevedo,Julie de Azevedo,Randy Thorderson; Julie de Azevedo,,EFY 1990: Learning for Myself (1990),5,10,,
36,Stay on Your Knees,Johanne F. Perry,Clive Romney; James Marsden,James Marsden,,EFY 1990: Learning for Myself (1990),6,10,,
37,Here I Am,Randy Thorderson,Randy Thorderson; James Marsden,Randy Thorderson,,EFY 1990: Learning for Myself (1990),7,10,,
38,Through Another’s Eyes,Julie de Azevedo,Julie de Azevedo,Julie de Azevedo; Randy Thorderson,,EFY 1990: Learning for Myself (1990),8,10,,
39,Every Man for Himself,Kenneth Cope,Kenneth Cope,Kenneth Cope,,EFY 1990: Learning for Myself (1990),9,10,,
40,Hold On Tight,Envoy; Kary Burns; James Marsden; Dan O’Very,Kenneth Cope,Kenneth Cope,,EFY 1990: Learning for Myself (1990),10,10,,
41,Once Upon a Time,Kenneth Cope,Michael Webb,Dan Truman,,EFY 1991: Walk with Me (1991),1,10,,
42,Walk in His Ways,Colette Devey Reader,Steve Stewart; Clive Romney,Steve Stewart; Clive Romney,,EFY 1991: Walk with Me (1991),2,10,,
43,Obedience,Randy Thorderson,Kenneth B. Powell,Randy Thorderson,,EFY 1991: Walk with Me (1991),3,10,,
44,My Brother,Skye,Lynda Johnson,Lynda Johnson,,EFY 1991: Walk with Me (1991),4,10,,
45,Walk with Me,Envoy,Clive Romney; Elizabeth Romney,Lex de Azevedo,,EFY 1991: Walk with Me (1991),5,10,,
46,"Do Likewise, My Friend",Brett Raymond,Michael Webb,Michael Webb; Dan Truman,,EFY 1991: Walk with Me (1991),6,10,,
47,Hand in Hand,Julie de Azevedo; Emilie de Azevedo; Rachel de Azevedo,Julie de Azevedo; James Marsden,Julie de Azevedo; Lex de Azevedo; James Marsden,,EFY 1991: Walk with Me (1991),7,10,,
48,Teach Me to Walk in the Light,Skye,Clara W. McMaster,Clara W. McMaster,,EFY 1991: Walk with Me (1991),8,10,,
49,His Love for Me,Envoy,James Marsden; Clive Romney,James Marsden,,EFY 1991: Walk with Me (1991),9,10,,
50,Sing a New Song,The Friends,Kenneth Cope,Kenneth Cope,,EFY 1991: Walk with Me (1991),10,10,,
51,Of One Heart,Vickey Pahnke Taylor; Steve James,Steve James; Vickey Pahnke Taylor,Steve James; Vickey Pahnke Taylor,,EFY 1992: Of One Heart (1992),1,10,,
52,A Change of Heart,Wanda Lindstrom,Wanda Lindstrom,Wanda Lindstrom,,EFY 1992: Of One Heart (1992),2,10,,
53,When Your Heart Says Go,Dave Betros,Don Stirling,Sam Cardon,,EFY 1992: Of One Heart (1992),3,10,,
54,"One Heart, One Mind",Kathryn Laycock Little; Roger Hoffman; Marvin Payne,Roger Hoffman,Roger Hoffman,,EFY 1992: Of One Heart (1992),4,10,,
55,I Know in My Heart,Jeff Herrera,Jeff Herrera,Jeff Herrera,,EFY 1992: Of One Heart (1992),5,10,,
56,He’ll Make You Whole,Sonja Jenson; Joel McCausland,Joel McCausland,Merrill Jenson,,EFY 1992: Of One Heart (1992),6,10,,
57,Seeds of Truth,Anna Rollins,Kevin R. Olson,Kevin R. Olson,,EFY 1992: Of One Heart (1992),7,10,,
58,Because He Loves Us,Johanne F. Perry,Joy Saunders Lundberg,Janice Kapp Perry,,EFY 1992: Of One Heart (1992),8,10,,
59,The Prince of Peace,Barry Gibbons; Leroy Gibbons; Lucie Gibbons; Felicia Sorensen Wolfe,James Marsden; Barry Gibbons,James Marsden; Barry Gibbons,,EFY 1992: Of One Heart (1992),9,10,,
60,Taking It Home with Me,Barry Gibbons; Lucie Gibbons; Steve James; Wanda Lindstrom; Bryce Neubert; Vickey Pahnke Taylor; Felicia Sorensen Wolfe,Vickey Pahnke Taylor; Steve James,Vickey Pahnke Taylor; Steve James,,EFY 1992: Of One Heart (1992),10,10,,
61,Sharing the Light,Bryce Neubert; Vickey Pahnke Taylor; Barry Gibbons; Lucie Gibbons; Rich Gibbons; Dave Betros; John Canaan; Melissa Pace; Felicia Sorensen Wolfe; Wanda Lindstrom,Bryce Neubert,Bryce Neubert,,EFY 1993: Sharing the Light (1993),1,10,,
62,Light,Rich Gibbons; Felicia Sorensen Wolfe,Michael Babbitt; Thomas Clark,Michael Babbitt; Thomas Clark,,EFY 1993: Sharing the Light (1993),2,10,,
63,Light of the World,Felicia Sorensen Wolfe,Staci Peters,Staci Peters,,EFY 1993: Sharing the Light (1993),3,10,,
64,Look to the Light,Steve James,Steve James,Steve James,,EFY 1993: Sharing the Light (1993),4,10,,
65,The Light He Gives,Sonja Jenson,Susan Evans McCloud,Merrill Jenson,,EFY 1993: Sharing the Light (1993),5,10,,
66,Pass It On,Kenneth Cope,Don Stirling,Sam Cardon,,EFY 1993: Sharing the Light (1993),6,10,,
67,He Hears Me,Hilary Weeks,Hilary Weeks,Hilary Weeks,,EFY 1993: Sharing the Light (1993),7,10,,
68,It Happens This Way,Roger Hoffman,Roger Hoffman,Roger Hoffman,,EFY 1993: Sharing the Light (1993),8,10,,
69,His Love,Vickey Pahnke Taylor; John Canaan,Tyler Castleton,Tyler Castleton,,EFY 1993: Sharing the Light (1993),9,10,,
70,Taking It Home with Me,Barry Gibbons; Lucie Gibbons; Steve James; Wanda Lindstrom; Bryce Neubert; Vickey Pahnke Taylor; Felicia Sorensen Wolfe,Vickey Pahnke Taylor; Steve James,Vickey Pahnke Taylor; Steve James,,EFY 1993: Sharing the Light (1993),10,10,,
71,Serving with Strength,Felicia Sorensen Wolfe,Staci Peters; Betsy Jensen,Staci Peters,,EFY 1994: Serving with Strength (1994),1,12,,
72,Candle in the Dark,David Barrus,Jerry Williams; Patricia Youkstetter,Jerry Williams; Patricia Youkstetter,,EFY 1994: Serving with Strength (1994),2,12,,
73,Heaven Help the Children,Steve James; Nolanda Jones; Keni Yarbro; Shellee Lapioli; David Barrus; Kerri Ewing; Kristi Grover; Barry Gibbons,Steve James,Steve James,,EFY 1994: Serving with Strength (1994),3,12,,
74,I Will Be Faithful,Felicia Sorensen Wolfe,Barry Gibbons,Barry Gibbons,,EFY 1994: Serving with Strength (1994),4,12,,
75,Let Him Heal Your Heart,John Canaan,Tyler Castleton,Tyler Castleton,,EFY 1994: Serving with Strength (1994),5,12,,
76,He Teaches Us to Give,Vickey Pahnke Taylor,Vickey Pahnke Taylor,Merrill Jenson,,EFY 1994: Serving with Strength (1994),6,12,,
77,More Than Ever,John Batdorf,Tyler Castleton; Doug Walker,Tyler Castleton; Doug Walker,,EFY 1994: Serving with Strength (1994),7,12,,
78,Fill the World with Love,Wayne Galley; Kerri Ewing,Frank J. Myers; Jerry Williams; Gary Baker,Frank J. Myers; Jerry Williams; Gary Baker,,EFY 1994: Serving with Strength (1994),8,12,,
79,Two Hands and One Heart,Hilary Weeks,Sam Cardon; Kurt Bestor; Don Stirling; Hilary Weeks,Sam Cardon; Kurt Bestor; Don Stirling; Hilary Weeks,,EFY 1994: Serving with Strength (1994),9,12,,
80,Everything to Win,Michael Webb,Michael Webb; Julie de Azevedo,Michael Webb,,EFY 1994: Serving with Strength (1994),10,12,,
81,The Light of Hope,Andrea Robinson,Staci Peters,Staci Peters,,EFY 1994: Serving with Strength (1994),11,12,,
82,Taking It Home with Me,Barry Gibbons; Lucie Gibbons; Steve James; Wanda Lindstrom; Bryce Newbert; Vickey Pahnke Taylor; Felicia Sorensen Wolfe,Vickey Pahnke Taylor; Steve James,Vickey Pahnke Taylor; Steve James,,EFY 1994: Serving with Strength (1994),12,12,,
83,Return with Honor,Kenneth Cope; Julie de Azevedo; Michael Webb,Randy Kartchner; Kenneth Cope; Michael Webb; Vickey Pahnke Taylor; Evan Stephens,Randy Kartchner; Kenneth Cope; Michael Webb; Vickey Pahnke Taylor,,EFY 1995: Return with Honor (1995),1,13,,
84,Born for This Day?,Vickey Pahnke Taylor,Clive Romney; Randy Kartchner; Kenneth Cope,Clive Romney; Randy Kartchner; Kenneth Cope,,EFY 1995: Return with Honor (1995),2,13,,
85,The Way,Dave Betros,Michael Webb; J. Kocherhans; Randy Thorderson; Clive Romney,Michael Webb; J. Kocherhans; Randy Thorderson; Clive Romney,,EFY 1995: Return with Honor (1995),3,13,,
86,Broken Hearts,Julie de Azevedo,Greg Simpson; Kenneth Cope,Greg Simpson; Kenneth Cope,,EFY 1995: Return with Honor (1995),4,13,,
87,The Right Track,Silent Majority,Kenneth Cope; Randy Kartchner,Kenneth Cope; Randy Kartchner,,EFY 1995: Return with Honor (1995),5,13,,
88,I Will Remember Him,Michael Webb; Emilie de Azevedo; Greg Simpson; Kenneth Cope; Randy Thorderson; Julie de Azevedo; Vickey Pahnke Taylor,Michael Webb; Dan Truman; Clive Romney,Michael Webb; Dan Truman; Clive Romney,,EFY 1995: Return with Honor (1995),6,13,,
89,"No Deposit, No Return",Moana Wolfgramm; Elizabeth Wolfgramm,Kenneth Cope; Michael Webb; Vickey Pahnke Taylor,Kenneth Cope; Michael Webb; Vickey Pahnke Taylor,,EFY 1995: Return with Honor (1995),7,13,,
90,What Have I Done with His Name?,Kenneth Cope,Kenneth Cope,Kenneth Cope,,EFY 1995: Return with Honor (1995),8,13,,
91,You’ll Never Walk Alone,Knudsen Brothers,Oscar Hammerstein II,Richard Rodgers,,EFY 1995: Return with Honor (1995),9,13,,
92,Walk On,Keni Yarbro,Michael Webb; Kenneth Cope; Vickey Pahnke Taylor; Randy Kartchner,Michael Webb; Kenneth Cope; Vickey Pahnke Taylor; Randy Kartchner,,EFY 1995: Return with Honor (1995),10,13,,
93,Back in His Arms Again,Michael Webb,Kenneth Cope; Greg Simpson,Kenneth Cope; Greg Simpson,,EFY 1995: Return with Honor (1995),11,13,,
94,Taking It Home with Me,Allison Larkin; Jayson Seegmiller; Denise Smith; Priscilla Packard; Elizabeth Wold; Todd Seamons; Cindy Harper; Taylor Anderson; Becky Garrett; Richard Benson; Junior Salima,Vickey Pahnke Taylor; Steve James,Vickey Pahnke Taylor; Steve James,,EFY 1995: Return with Honor (1995),12,13,,
95,You’ll Never Walk Alone(Bonus Track),The Tabernacle Choir at Temple Square,Oscar Hammerstein II,Richard Rodgers,,EFY 1995: Return with Honor (1995),13,13,,
96,Living the Legacy,Marla Bulleigh; Choir,Kenneth Cope; Julie de Azevedo,Kenneth Cope; Julie de Azevedo,,EFY 1996: Living the Legacy (1996),1,11,,
97,Amazing Things,Julie de Azevedo,Julie de Azevedo; Tom Hopkins,Julie de Azevedo; Tom Hopkins,,EFY 1996: Living the Legacy (1996),2,11,,
98,Hold On,Greg Simpson,Greg Simpson,Greg Simpson,,EFY 1996: Living the Legacy (1996),3,11,,
99,White Dress,Kenneth Cope,Kenneth Cope,Kenneth Cope,,EFY 1996: Living the Legacy (1996),4,11,,
100,Knockin’ on the Door,Michael Webb,Greg Simpson,Greg Simpson,,EFY 1996: Living the Legacy (1996),5,11,,
101,Firstborn,Becky Garrett,Cori Connors,Cori Connors; Kenneth Cope,,EFY 1996: Living the Legacy (1996),6,11,,
102,Masterpiece,Julie de Azevedo,Julie de Azevedo; Greg Simpson,Julie de Azevedo; Greg Simpson,,EFY 1996: Living the Legacy (1996),7,11,,
103,You Don’t Have to Walk the Plains,Brett Raymond,Dean Kaelin; Susan Kaelin; Kenneth Cope,Dean Kaelin; Susan Kaelin; Kenneth Cope,,EFY 1996: Living the Legacy (1996),8,11,,
104,The Carpenter’s Son,Kenneth Cope,Kenneth Cope,Kenneth Cope,,EFY 1996: Living the Legacy (1996),9,11,,
105,Mercy’s Arms,Marla Bulleigh,Julie de Azevedo,Julie de Azevedo,,EFY 1996: Living the Legacy (1996),10,11,,
106,Taking It Home with Me,Peter Breinholt; Rachel de Azevedo; David Brooks; Cast,Vickey Pahnke Taylor; Steve James,Vickey Pahnke Taylor; Steve James,,EFY 1996: Living the Legacy (1996),11,11,,
107,Treasure the Truth,Kenneth Cope,Kenneth Cope,Kenneth Cope,,EFY 1997: Treasure the Truth (1997),1,11,,
108,Shine on Me,Julie de Azevedo,Julie de Azevedo; Greg Simpson,Julie de Azevedo; Greg Simpson,,EFY 1997: Treasure the Truth (1997),2,11,,
109,Hurricane,Brett Raymond,Kenneth Cope; Celia Crane,Kenneth Cope; Celia Crane,,EFY 1997: Treasure the Truth (1997),3,11,,
110,Keeper of the Flame,Katherine Nelson,Julie de Azevedo,Julie de Azevedo,,EFY 1997: Treasure the Truth (1997),4,11,,
111,Best of Me,Greg Simpson,Greg Simpson,Greg Simpson,,EFY 1997: Treasure the Truth (1997),5,11,,
112,The Pearl,Kenneth Cope,Kenneth Cope,Kenneth Cope,,EFY 1997: Treasure the Truth (1997),6,11,,
113,Window to His Love,Julie de Azevedo,Julie de Azevedo,Julie de Azevedo,,EFY 1997: Treasure the Truth (1997),7,11,,
114,Free,Brett Raymond,Clive Romney,Clive Romney,,EFY 1997: Treasure the Truth (1997),8,11,,
115,His Hands,Jenny Jordan Frogley,Kenneth Cope,Kenneth Cope,,EFY 1997: Treasure the Truth (1997),9,11,,
116,More Than the Gold,Michael Webb,Kenneth Cope; Greg Simpson,Kenneth Cope; Greg Simpson,,EFY 1997: Treasure the Truth (1997),10,11,,
117,Taking It Home with Me,Katherine Nelson; Greg Simpson,Vickey Pahnke Taylor; Steve James,Vickey Pahnke Taylor; Steve James,,EFY 1997: Treasure the Truth (1997),11,11,,
118,Joy in the Journey,Julie de Azevedo,Tyler Castleton; Staci Peters; Julie de Azevedo,Tyler Castleton; Staci Peters; Julie de Azevedo,,EFY 1998: Joy in the Journey (1998),1,12,,
119,Anchor of My Soul,Jenny Jordan Frogley,Tyler Castleton; Staci Peters,Tyler Castleton; Staci Peters,,EFY 1998: Joy in the Journey (1998),2,12,,
120,And We Go,Peter Breinholt,Don Stirling; Sam Cardon; Peter Breinholt,Don Stirling; Sam Cardon; Peter Breinholt,,EFY 1998: Joy in the Journey (1998),3,12,,
121,Joy Will Be My Reward,Felicia Sorensen Wolfe,Merrill Jenson; Betsy Jenson,Merrill Jenson; Betsy Jenson,,EFY 1998: Joy in the Journey (1998),4,12,,
122,North Star,Greg Simpson,Greg Simpson; Julie de Azevedo,Greg Simpson; Julie de Azevedo,,EFY 1998: Joy in the Journey (1998),5,12,,
123,Song of Truth,BYU Men’s Chorus,Jean L. Kaberry; Will L. Thompson; W. O. Robinson,Robert P. Manookin; Will L. Thompson; Frank W. Asper,,EFY 1998: Joy in the Journey (1998),6,12,,
124,Take Me There,Julie de Azevedo,Julie de Azevedo,Julie de Azevedo,,EFY 1998: Joy in the Journey (1998),7,12,,
125,Keep Me in Motion,Felicia Sorensen Wolfe,Tyler Castleton; Staci Peters,Tyler Castleton; Staci Peters,,EFY 1998: Joy in the Journey (1998),8,12,,
126,Love Will Find You There,John McVey,Tyler Castleton; Staci Peters,Tyler Castleton; Staci Peters,,EFY 1998: Joy in the Journey (1998),9,12,,
127,Reaching,Stacie Smith Shurtliff,Carolyn Arends,Carolyn Arends,,EFY 1998: Joy in the Journey (1998),10,12,,
128,Whatever It Takes,John McVey; Felicia Sorensen Wolfe,Tyler Castleton; Staci Peters,Tyler Castleton; Staci Peters,,EFY 1998: Joy in the Journey (1998),11,12,,
129,Taking It Home with Me,Brett Raymond,Vickey Pahnke Taylor; Steve James,Vickey Pahnke Taylor; Steve James,,EFY 1998: Joy in the Journey (1998),12,12,,
130,Fearless Heart,Katherine Nelson,Tyler Castleton; Staci Peters,Tyler Castleton; Staci Peters,,EFY 1999: A Season for Courage (1999),1,12,,
131,A Season for Courage,John McVey,Tyler Castleton; John McVey; Staci Peters,Tyler Castleton; John McVey; Staci Peters,,EFY 1999: A Season for Courage (1999),2,12,,
132,Stones in the River,Doug Walker,Doug Walker; Sherry Marks Walker,Doug Walker; Sherry Marks Walker,,EFY 1999: A Season for Courage (1999),3,12,,
133,Perfect Love,Felicia Sorensen Wolfe,Tyler Castleton; Staci Peters,Tyler Castleton; Staci Peters,,EFY 1999: A Season for Courage (1999),4,12,,
134,Psalm of Joy,Choir,Merrill Jenson,Merrill Jenson,,EFY 1999: A Season for Courage (1999),5,12,,
135,I Will Not Be Still,Kenneth Cope,Tyler Castleton; Staci Peters; Greg Simpson,Tyler Castleton; Staci Peters; Greg Simpson,,EFY 1999: A Season for Courage (1999),6,12,,
136,The Watchmen,Greg Simpson,Greg Simpson; Jon Fuller,Greg Simpson; Jon Fuller,,EFY 1999: A Season for Courage (1999),7,12,,
137,Promises I Keep,Cherie Call,Cherie Call,Cherie Call,,EFY 1999: A Season for Courage (1999),8,12,,
138,Distracted,John McVey,Tyler Castleton; John McVey; Staci Peters,Tyler Castleton; John McVey; Staci Peters,,EFY 1999: A Season for Courage (1999),9,12,,
139,Feel the Fire,Julie de Azevedo,Julie de Azevedo,Julie de Azevedo; Tyler Castleton,,EFY 1999: A Season for Courage (1999),10,12,,
140,Whatever It Takes,John McVey; Felicia Sorensen Wolfe,Tyler Castleton; Staci Peters,Tyler Castleton; Staci Peters,,EFY 1999: A Season for Courage (1999),11,12,,
141,When All Is Said and Done,Katherine Nelson,Tyler Castleton; Staci Peters,Tyler Castleton; Staci Peters,,EFY 1999: A Season for Courage (1999),12,12,,
142,Forward with Faith,Kim Bracken,Roger Hoffman; Jon Schmidt; Kim Bracken,Roger Hoffman; Jon Schmidt,,EFY 2000: Forward with Faith (2000),1,12,,
143,A Call I Hear,Peter Breinholt,Peter Breinholt,Peter Breinholt,,EFY 2000: Forward with Faith (2000),2,12,,
144,The Olive Tree,Felicia Sorensen Wolfe,Kurt Bestor; Don Stirling,Kurt Bestor; Don Stirling,,EFY 2000: Forward with Faith (2000),3,12,,
145,Memory Lane,Jake White,Jake White,Jake White,,EFY 2000: Forward with Faith (2000),4,12,,
146,Any Other Boy,Peter Breinholt,Brett Raymond,Brett Raymond,,EFY 2000: Forward with Faith (2000),5,12,,
147,Her Garden,Tammy Simister Robinson,Tammy Simister Robinson,Tammy Simister Robinson,,EFY 2000: Forward with Faith (2000),6,12,,
148,I Know That My Redeemer Lives,Linda Rowberry,Samuel Medley,Lewis D. Edwards,,EFY 2000: Forward with Faith (2000),7,12,,
149,What About,Peter Breinholt,Peter Breinholt,Peter Breinholt,,EFY 2000: Forward with Faith (2000),8,12,,
150,Waterfall,Jon Schmidt,N/A,Jon Schmidt,,EFY 2000: Forward with Faith (2000),9,12,,
151,Amazing Things,Julie de Azevedo,Julie de Azevedo; Tom Hopkins,Julie de Azevedo; Tom Hopkins,,EFY 2000: Forward with Faith (2000),10,12,,
152,Safe Inside,Nancy Hanson; Kevin Corbett,Peter Breinholt,Peter Breinholt,,EFY 2000: Forward with Faith (2000),11,12,,
153,A Quiet Prayer,Nancy Hanson,Nancy Hanson,Nancy Hanson,,EFY 2000: Forward with Faith (2000),12,12,,
154,Remember the Promise,Brett Raymond,Jim Funk; Greg Simpson,Jim Funk; Greg Simpson,,EFY 2001: Remember the Promise (2001),1,10,,
155,I Stand All Amazed,Katherine Nelson,Charles H. Gabriel,Charles H. Gabriel,,EFY 2001: Remember the Promise (2001),2,10,,
156,Beautiful,Cherie Call,Cherie Call,Cherie Call,,EFY 2001: Remember the Promise (2001),3,10,,
157,I’ll Be,John McVey,Greg Simpson; Jim Funk,Greg Simpson; Jim Funk,,EFY 2001: Remember the Promise (2001),4,10,,
158,Tender Mercies,Shane Jackman,Shane Jackman,Shane Jackman,,EFY 2001: Remember the Promise (2001),5,10,,
159,One Thing to Lose,Greg Simpson,Greg Simpson,Greg Simpson,,EFY 2001: Remember the Promise (2001),6,10,,
160,This Earth Was Once a Garden Place,Peter Breinholt,William W. Phelps,Anon.,,EFY 2001: Remember the Promise (2001),7,10,,
161,Growing Young,Greg Simpson,Rich Mullins; David A. Strassner,Rich Mullins; David A. Strassner,,EFY 2001: Remember the Promise (2001),8,10,,
162,The Way to Emmaus,Nancy Hanson,Sam Cardon; Don Stirling; Nancy Hanson,Sam Cardon; Don Stirling; Nancy Hanson,,EFY 2001: Remember the Promise (2001),9,10,,
163,When All Is Said and Done,The Standards,Geoff Moore,Geoff Moore; Jeff Silvey,,EFY 2001: Remember the Promise (2001),10,10,,
164,We Believe,Kenneth Cope,Greg Simpson,Greg Simpson,,EFY 2002: We Believe (2002),1,11,,
165,I Need Thee Every Hour,April Meservy,Annie S. Hawks,Robert Lowry,,EFY 2002: We Believe (2002),2,11,,
166,Fertile Soil,Michael Webb,Michael Webb; Dan Truman,Michael Webb; Dan Truman,,EFY 2002: We Believe (2002),3,11,,
167,Stand in Holy Places,Jenny Jordan Frogley,Greg Simpson; Erin Shepherd,Greg Simpson; Erin Shepherd,,EFY 2002: We Believe (2002),4,11,,
168,"Soul, Heart and Mind",Greg Simpson,Greg Simpson,Greg Simpson,,EFY 2002: We Believe (2002),5,11,,
169,Go Bring Them In,Nancy Hanson,Don Stirling; Nancy Hanson; Sam Cardon,Don Stirling; Nancy Hanson; Sam Cardon,,EFY 2002: We Believe (2002),6,11,,
170,The Things I Know,Doug Walker,Doug Walker,Doug Walker,,EFY 2002: We Believe (2002),7,11,,
171,Where Faith Lives,Cherie Call,Cherie Call; Tyler Castleton,Cherie Call; Tyler Castleton,,EFY 2002: We Believe (2002),8,11,,
172,Come Thou Fount,Freddie Ashby,Robert Robinson,John Wyeth,,EFY 2002: We Believe (2002),9,11,,
173,Fulness of Time,Greg Simpson,Greg Simpson,Greg Simpson,,EFY 2002: We Believe (2002),10,11,,
174,In His Embrace,Katherine Nelson,Karleen Watt; Derek Hinckley,Karleen Watt; Derek Hinckley,,EFY 2002: We Believe (2002),11,11,,
175,Look and Live,Katherine Nelson,Greg Simpson; Jim Funk,Greg Simpson; Jim Funk,,EFY 2003: Look and Live (2003),1,11,,
176,When You Look in the Mirror,Nancy Hanson,Nancy Hanson,Nancy Hanson,,EFY 2003: Look and Live (2003),2,11,,
177,I Cry,Freddie Ashby,Barry Gibbons,Barry Gibbons,,EFY 2003: Look and Live (2003),3,11,,
178,Where Can I Turn for Peace?,Felicia Starks,Emma Lou Thayne,Joleen G. Meredith,,EFY 2003: Look and Live (2003),4,11,,
179,The View from Here,Doug Walker,Doug Walker,Doug Walker,,EFY 2003: Look and Live (2003),5,11,,
180,Send Me,David Kimball,Tyler Castleton; Staci Peters,Tyler Castleton; Staci Peters,,EFY 2003: Look and Live (2003),6,11,,
181,I Believe,Brett Raymond,Guy Richey Gibbons; Felicia Starks; Barry Gibbons,Guy Richey Gibbons; Felicia Starks; Barry Gibbons,,EFY 2003: Look and Live (2003),7,11,,
182,"Oh, Israel",Greg Simpson,Greg Simpson,Greg Simpson,,EFY 2003: Look and Live (2003),8,11,,
183,It Passes All My Understanding,Cherie Call,Cherie Call,Cherie Call,,EFY 2003: Look and Live (2003),9,11,,
184,I Feel My Savior’s Love,Jessie Clark Funk,Ralph Rodgers Jr.; K. Newell Dayley; Laurie A. Huffman,K. Newell Dayley,,EFY 2003: Look and Live (2003),10,11,,
185,Takin’ It All with Me,Russ Dixon,B. Michael Gibbons; Barry Gibbons,B. Michael Gibbons; Barry Gibbons,,EFY 2003: Look and Live (2003),11,11,,
186,Stand in the Light,Michael Webb,Tyler Castleton; Staci Peters,Tyler Castleton; Staci Peters,,EFY 2004: Stand in the Light (2004),1,12,,
187,Child of Light,Mindy Gledhill,Mindy Gledhill,Mindy Gledhill,,EFY 2004: Stand in the Light (2004),2,12,,
188,His Love,Jake Rau,Jake Rau,Jake Rau,,EFY 2004: Stand in the Light (2004),3,12,,
189,The Light,April Meservy,Michelle Tumes,Michelle Tumes,,EFY 2004: Stand in the Light (2004),4,12,,
190,I Was Made,Michael Webb,Michael Webb,Michael Webb,,EFY 2004: Stand in the Light (2004),5,12,,
191,Here to Be,Rachel Thibodeau,Tyler Castleton; Staci Peters,Tyler Castleton; Staci Peters,,EFY 2004: Stand in the Light (2004),6,12,,
192,Abide with Me; ’Tis Eventide,Katherine Nelson,M. Lowrie Hofford,Harrison Millard,,EFY 2004: Stand in the Light (2004),7,12,,
193,See the Light,Jericho Road,Jason Barton; Scott Krippayne,Jason Barton; Scott Krippayne,,EFY 2004: Stand in the Light (2004),8,12,,
194,Follow the Light,Hilary Weeks,Don Stirling; Sam Cardon; Tyler Castleton,Don Stirling; Sam Cardon; Tyler Castleton,,EFY 2004: Stand in the Light (2004),9,12,,
195,Calling You,David Kimball,Tyler Castleton; Staci Peters,Tyler Castleton; Staci Peters,,EFY 2004: Stand in the Light (2004),10,12,,
196,One Voice,Dustin Gledhill,Tyler Castleton; Staci Peters,Tyler Castleton; Staci Peters,,EFY 2004: Stand in the Light (2004),11,12,,
197,These Are the Days,Jenny Jordan Frogley,Tyler Castleton; Staci Peters,Tyler Castleton; Staci Peters,,EFY 2004: Stand in the Light (2004),12,12,,
198,A More Excellent Way,David Osmond,Tyler Castleton; Staci Peters,Tyler Castleton; Staci Peters,,EFY 2005: A More Excellent Way (2005),1,13,,
199,Time That Is Left,David Kimball,Mark Shultz; James Isaac Elliott,Mark Shultz; James Isaac Elliott,,EFY 2005: A More Excellent Way (2005),2,13,,
200,Worthy to Stand,Jessie Clark Funk,Tyler Castleton; Staci Peters,Tyler Castleton; Staci Peters,,EFY 2005: A More Excellent Way (2005),3,13,,
201,More,Kenneth Cope,Kenneth Cope,Kenneth Cope,,EFY 2005: A More Excellent Way (2005),4,13,,
202,I Know He Lives,April Meservy,Tyler Castleton; Staci Peters,Tyler Castleton; Staci Peters,,EFY 2005: A More Excellent Way (2005),5,13,,
203,I Will Be Ready,Todd Schwartzman,Tyler Castleton; Staci Peters,Tyler Castleton; Staci Peters,,EFY 2005: A More Excellent Way (2005),6,13,,
204,Overcome,Julie de Azevedo,Michael Webb,Michael Webb,,EFY 2005: A More Excellent Way (2005),7,13,,
205,There Is More,Jericho Road,Jason Barton; Chad Coates; Dan Muckala,Jason Barton; Chad Coates; Dan Muckala,,EFY 2005: A More Excellent Way (2005),8,13,,
206,"In Humility, Our Savior",Hilary Weeks,Mabel Jones Gabbott,Rowland H. Prichard,,EFY 2005: A More Excellent Way (2005),9,13,,
207,What Heaven Sees in You,Mindy Gledhill,Doug Walker; Sherry Marks Walker,Doug Walker; Sherry Marks Walker,,EFY 2005: A More Excellent Way (2005),10,13,,
208,Broken,Kenneth Cope,Kenneth Cope; Eliza Cope,Kenneth Cope; Eliza Cope,,EFY 2005: A More Excellent Way (2005),11,13,,
209,These Are the Days,Jenny Jordan Frogley,Tyler Castleton; Staci Peters,Tyler Castleton; Staci Peters,,EFY 2005: A More Excellent Way (2005),12,13,,
210,Praise the Man,Jenny Jordan Frogley,Tyler Castleton; Staci Peters; William W. Phelps; Janice Kapp Perry,Tyler Castleton; Staci Peters; Scottish folk song; Janice Kapp Perry,,EFY 2005: A More Excellent Way (2005),13,13,,
211,Give the Gift,Jenny Jordan Frogley,Tyler Castleton; Staci Peters,Tyler Castleton; Staci Peters,,EFY 2006: The Greatest Gift (2006),1,12,,
212,As I Am,Dan Cahoon,Jerry Williams; Michael McLean,Jerry Williams; Michael McLean,,EFY 2006: The Greatest Gift (2006),2,12,,
213,The Greatest Gift,Felicia Sorensen Wolfe,Tyler Castleton; Staci Peters,Tyler Castleton; Staci Peters,,EFY 2006: The Greatest Gift (2006),3,12,,
214,Light Will Rise,April Meservy,Scott Krippayne; Sarah Hart,Scott Krippayne; Sarah Hart,,EFY 2006: The Greatest Gift (2006),4,12,,
215,"All Times, All Things, All Places",Chad Neth,Tyler Castleton; Staci Peters,Tyler Castleton; Staci Peters,,EFY 2006: The Greatest Gift (2006),5,12,,
216,Beautiful to Him,Rachel Thibodeau,Tyler Castleton; Staci Peters,Tyler Castleton; Staci Peters,,EFY 2006: The Greatest Gift (2006),6,12,,
217,"Come, Follow Me",Dan Cahoon,John Nicholson,Samuel McBurney,,EFY 2006: The Greatest Gift (2006),7,12,,
218,Prove Me,Hilary Weeks,Hilary Weeks,Hilary Weeks,,EFY 2006: The Greatest Gift (2006),8,12,,
219,A Mighty Change of Heart,David Osmond,Cherie Call,Cherie Call,,EFY 2006: The Greatest Gift (2006),9,12,,
220,Live Like You Believe,Jenny Phillips,Tyler Castleton; Jenny Phillips,Tyler Castleton; Jenny Phillips,,EFY 2006: The Greatest Gift (2006),10,12,,
221,Because,Brian Rhodes,Shawna Edwards,Shawna Edwards,,EFY 2006: The Greatest Gift (2006),11,12,,
222,Shine On,David Osmond,Tyler Castleton; Staci Peters,Tyler Castleton; Staci Peters,,EFY 2006: The Greatest Gift (2006),12,12,,
223,Power in Purity,Freddie Ashby,Greg Simpson; Barry Gibbons; Jim Funk,Greg Simpson; Barry Gibbons; Jim Funk,,EFY 2007: Power in Purity (2007),1,12,,
224,You Raise Me Up,Daniel Beck,Brendan Graham; Rolf Lovland,Brendan Graham; Rolf Lovland,,EFY 2007: Power in Purity (2007),2,12,,
225,…And Waiting,Dan Cahoon,Brad Hull; Matt Lopez; Jeannine Lasky; Michael Dowdle,Brad Hull; Matt Lopez; Jeannine Lasky; Michael Dowdle,,EFY 2007: Power in Purity (2007),3,12,,
226,Inside,Jessie Clark Funk,Jeannine Lasky; Todd McCabe; Jim Funk; Barry Gibbons,Jeannine Lasky; Todd McCabe; Jim Funk; Barry Gibbons,,EFY 2007: Power in Purity (2007),4,12,,
227,It’s Gonna Rain,Freddie Ashby,B. Michael Gibbons; Barry Gibbons,B. Michael Gibbons; Barry Gibbons,,EFY 2007: Power in Purity (2007),5,12,,
228,Let It Shine,Daniel Beck,Greg Simpson; Barry Gibbons,Greg Simpson; Barry Gibbons,,EFY 2007: Power in Purity (2007),6,12,,
229,Familiar,Jessie Clark Funk,Greg Simpson; Jim Funk,Greg Simpson; Jim Funk,,EFY 2007: Power in Purity (2007),7,12,,
230,I Am a Child of God / I Have a Savior,April Meservy,Naomi W. Randall; Randy Kartchner; Ryan Maag,Mildred Tanner Pettit; Randy Kartchner; Ryan Maag,,EFY 2007: Power in Purity (2007),8,12,,
231,Treasure in Heaven,Clint Poulsen,Clint Poulsen; Jim Funk; Barry Gibbons,Clint Poulsen; Jim Funk; Barry Gibbons,,EFY 2007: Power in Purity (2007),9,12,,
232,Peace,Felicia Sorensen Wolfe,Guy Richey Gibbons; Barry Gibbons,Guy Richey Gibbons; Barry Gibbons,,EFY 2007: Power in Purity (2007),10,12,,
233,Color of Truth,Greg Simpson,Greg Simpson; Michael Dowdle,Greg Simpson; Michael Dowdle,,EFY 2007: Power in Purity (2007),11,12,,
234,Shine,Jenny Jordan Frogley,Cesar Lemos; Jason Deere; Craig Poole,Cesar Lemos; Jason Deere; Craig Poole,,EFY 2007: Power in Purity (2007),12,12,,
235,Steady and Sure,Jessie Clark Funk,Barry Gibbons; B. Michael Gibbons,Barry Gibbons; B. Michael Gibbons,,"EFY 2008: Steady and Sure (2008, 2008b)",1,17,,
236,Now I Can See,Ben Truman,Dan Truman; Jeannine Lasky,Dan Truman; Jeannine Lasky,,"EFY 2008: Steady and Sure (2008, 2008b)",2,17,,
237,Amazing Grace,Daniel Beck,John Newton; John Newton,"Virginia Harmony, 1831; Virginia Harmony, 1831",,"EFY 2008: Steady and Sure (2008, 2008b)",3,17,,
238,A Woman’s Heart,Felicia Sorensen Wolfe,Tyler Castleton; Staci Peters,Tyler Castleton; Staci Peters,,"EFY 2008: Steady and Sure (2008, 2008b)",4,17,,
239,The Power of One,Megan Flinders,Stephanie Smith Mabey; Jeannine Lasky,Stephanie Smith Mabey; Jeannine Lasky,,"EFY 2008: Steady and Sure (2008, 2008b)",5,17,,
240,Great Expectations,Greg Simpson,Steven Curtis Chapman,Steven Curtis Chapman,,"EFY 2008: Steady and Sure (2008, 2008b)",6,17,,
241,One by One,Hilary Weeks,Larry Pearson; Marie Pearson,Larry Pearson; Marie Pearson,,"EFY 2008: Steady and Sure (2008, 2008b)",7,17,,
242,Heaven’s Fountain,Terry White,Greg Simpson,Greg Simpson,,"EFY 2008: Steady and Sure (2008, 2008b)",8,17,,
243,What He Began,Tim Gates,Kenneth Cope,Kenneth Cope,,"EFY 2008: Steady and Sure (2008, 2008b)",9,17,,
244,Dream Big,Ryan Shupe and the Rubberband,Ryan Shupe,Ryan Shupe,,"EFY 2008: Steady and Sure (2008, 2008b)",10,17,,
245,"Jesus, the Very Thought of Thee",Mindy Gledhill,Bernard of Clairvaux,John B. Dykes,,"EFY 2008: Steady and Sure (2008, 2008b)",11,17,,
246,Hurrah for Israel,Daniel Beck; Megan Flinders; Jessie Clark Funk; Dan Kartchner,Barry Gibbons,Barry Gibbons,,"EFY 2008: Steady and Sure (2008, 2008b)",12,17,,
247,Time,Guy Richey Gibbons; The Gibbons,Guy Richey Gibbons; Barry Gibbons,Guy Richey Gibbons; Barry Gibbons,,"EFY 2008: Steady and Sure (2008, 2008b)",13,17,,
248,Steady and Sure(Instrumental Track),,N/A,Barry Gibbons; B. Michael Gibbons,,"EFY 2008: Steady and Sure (2008, 2008b)",14,17,,
249,A Woman’s Heart(Instrumental Track),,N/A,Tyler Castleton; Staci Peters,,"EFY 2008: Steady and Sure (2008, 2008b)",15,17,,
250,One by One(Instrumental Track),,N/A,Larry Pearson; Marie Pearson,,"EFY 2008: Steady and Sure (2008, 2008b)",16,17,,
251,"Jesus, the Very Thought of Thee(Instrumental Track)",,N/A,John B. Dykes,,"EFY 2008: Steady and Sure (2008, 2008b)",17,17,,
252,Steady and Sure,Jessie Clark Funk,Barry Gibbons; B. Michael Gibbons,Barry Gibbons; B. Michael Gibbons,,"EFY 2008: Steady and Sure (2008, 2008a)",1,12,,
253,Now I Can See,Ben Truman,Dan Truman; Jeannine Lasky,Dan Truman; Jeannine Lasky,,"EFY 2008: Steady and Sure (2008, 2008a)",2,12,,
254,Amazing Grace,Daniel Beck,John Newton; John Newton,"Virginia Harmony, 1831; Virginia Harmony, 1831",,"EFY 2008: Steady and Sure (2008, 2008a)",3,12,,
255,A Woman’s Heart,Felicia Sorensen Wolfe,Tyler Castleton; Staci Peters,Tyler Castleton; Staci Peters,,"EFY 2008: Steady and Sure (2008, 2008a)",4,12,,
256,The Power of One,Megan Flinders,Stephanie Smith Mabey; Jeannine Lasky,Stephanie Smith Mabey; Jeannine Lasky,,"EFY 2008: Steady and Sure (2008, 2008a)",5,12,,
257,Great Expectations,Greg Simpson,Steven Curtis Chapman,Steven Curtis Chapman,,"EFY 2008: Steady and Sure (2008, 2008a)",6,12,,
258,One by One,Hilary Weeks,Larry Pearson; Marie Pearson,Larry Pearson; Marie Pearson,,"EFY 2008: Steady and Sure (2008, 2008a)",7,12,,
259,Heaven’s Fountain,Terry White,Greg Simpson,Greg Simpson,,"EFY 2008: Steady and Sure (2008, 2008a)",8,12,,
260,What He Began,Tim Gates,Kenneth Cope,Kenneth Cope,,"EFY 2008: Steady and Sure (2008, 2008a)",9,12,,
261,Dream Big,Ryan Shupe and the Rubberband,Ryan Shupe,Ryan Shupe,,"EFY 2008: Steady and Sure (2008, 2008a)",10,12,,
262,"Jesus, the Very Thought of Thee",Mindy Gledhill,Bernard of Clairvaux,John B. Dykes,,"EFY 2008: Steady and Sure (2008, 2008a)",11,12,,
263,Hurrah for Israel,Daniel Beck; Megan Flinders; Jessie Clark Funk; Dan Kartchner,Barry Gibbons,Barry Gibbons,,"EFY 2008: Steady and Sure (2008, 2008a)",12,12,,
264,Gift of Our Lives,Jenny Jordan Frogley; Ryan Innes,Russ Dixon,Russ Dixon,,EFY 2009: Be Thou an Example (2009),1,12,https://www.youtube.com/watch?v=jyc2J4gHl3Q,239.0
265,Your Light,Stephanie Smith Mabey,Stephanie Smith Mabey,Stephanie Smith Mabey,,EFY 2009: Be Thou an Example (2009),2,12,https://www.youtube.com/watch?v=Hf_3xUWQIL0,182.0
266,Leave Better,Benton Paul,Benton Paul,Benton Paul,,EFY 2009: Be Thou an Example (2009),3,12,https://www.youtube.com/watch?v=YVqhkUiM4CU,175.0
267,I Will,Hilary Weeks,Hilary Weeks,Hilary Weeks,,EFY 2009: Be Thou an Example (2009),4,12,https://www.youtube.com/watch?v=jWyRH3xFQrc,238.0
268,Right Now,Peter Breinholt,Peter Breinholt; Rebecca Breinholt,Peter Breinholt; Rebecca Breinholt,,EFY 2009: Be Thou an Example (2009),5,12,https://www.youtube.com/watch?v=DzZ_fQskGEI,166.0
269,You Can Change,Julie Yardley,Lowell Alexander; Tyler Castleton,Lowell Alexander; Tyler Castleton,,EFY 2009: Be Thou an Example (2009),6,12,https://www.youtube.com/watch?v=dYt8CsRlbVs,227.0
270,More Than the World,Mindy Gledhill,Mindy Gledhill,Mindy Gledhill,,EFY 2009: Be Thou an Example (2009),7,12,https://www.youtube.com/watch?v=U-lsWspTqkg,217.0
271,Not the Only One,David Osmond,Cherie Call,Cherie Call,,EFY 2009: Be Thou an Example (2009),8,12,https://www.youtube.com/watch?v=gLGy1_CcPr8,247.0
272,Green Hill,Steele Crosswhite; Cheri Magill,Cecil Frances Alexander,John H. Gower,,EFY 2009: Be Thou an Example (2009),9,12,https://www.youtube.com/watch?v=ENP3gzy7Hiw,221.0
273,Shine,William Joseph,N/A,William Joseph,,EFY 2009: Be Thou an Example (2009),10,12,https://www.youtube.com/watch?v=DK25qMotObU,238.0
274,While We’re Young,April Meservy; JB Ahfua,Lowell Alexander; Tyler Castleton,Lowell Alexander; Tyler Castleton,,EFY 2009: Be Thou an Example (2009),11,12,https://www.youtube.com/watch?v=QFWj-huzye8,222.0
275,I Believe in Christ,Jen Marco Handy,Bruce R. McConkie,John Longhurst,,EFY 2009: Be Thou an Example (2009),12,12,https://www.youtube.com/watch?v=8dw3fZ-k0sU,361.0
276,Courage to Stand Strong,Ryan Innes,Russ Dixon,Russ Dixon,,EFY 2010: Courage to Stand Strong (2010),1,12,https://www.youtube.com/watch?v=8KEnEfjJLfI,252.0
277,Walking in Sunlight,Stephanie Smith Mabey,Stephanie Smith Mabey,Stephanie Smith Mabey,,EFY 2010: Courage to Stand Strong (2010),2,12,https://www.youtube.com/watch?v=uj2sMyi2vkQ,168.0
278,Every Word,Debra Fotheringham,Stephanie Smith Mabey,Stephanie Smith Mabey,,EFY 2010: Courage to Stand Strong (2010),3,12,https://www.youtube.com/watch?v=r3icD1sy6vQ,205.0
279,Let It Begin,Julie Yardley,Tyler Castleton,Tyler Castleton,,EFY 2010: Courage to Stand Strong (2010),4,12,https://www.youtube.com/watch?v=bbWnhNmf6xg,284.0
280,Wait for It,Ben Truman,Ben Truman; Chad Truman; Russ Dixon,Ben Truman; Chad Truman; Russ Dixon,,EFY 2010: Courage to Stand Strong (2010),5,12,https://www.youtube.com/watch?v=xC0fxt2ACV0,264.0
281,"Lord, I Would Follow Thee",Daniel Beck,Susan Evans McCloud,K. Newell Dayley,,EFY 2010: Courage to Stand Strong (2010),6,12,https://www.youtube.com/watch?v=4WkpGE8wabo,259.0
282,I Am His Daughter,Nicole Sheahan,Stephanie Smith Mabey,Stephanie Smith Mabey,,EFY 2010: Courage to Stand Strong (2010),7,12,https://www.youtube.com/watch?v=jzulLmxgbVg,198.0
283,Duty to God,Chad Neth,Wayne Burton,Wayne Burton,,EFY 2010: Courage to Stand Strong (2010),8,12,https://www.youtube.com/watch?v=wFbsEYrDpdA,238.0
284,Treasure the Truth,Kenneth Cope,Kenneth Cope,Kenneth Cope,,EFY 2010: Courage to Stand Strong (2010),9,12,https://www.youtube.com/watch?v=ZVsj6-Ayk2k,259.0
285,Let Us All Press On,The Jenny Phillips Choir,Evan Stephens,Evan Stephens,,EFY 2010: Courage to Stand Strong (2010),10,12,https://www.youtube.com/watch?v=tpZtHGnlv84,231.0
286,I Will Not Be Still,Russ Dixon,Tyler Castleton; Staci Peters; Greg Simpson,Tyler Castleton; Staci Peters; Greg Simpson,,EFY 2010: Courage to Stand Strong (2010),11,12,https://www.youtube.com/watch?v=vdYvZ_pPnS0,266.0
287,Arrival,Jon Schmidt,N/A,Jon Schmidt,,EFY 2010: Courage to Stand Strong (2010),12,12,https://www.youtube.com/watch?v=NFEk3KsrW7c,210.0
288,We Believe,Sam Riddle,Russ Dixon,Russ Dixon,,"EFY 2011: Believe, Hope, Endure (2011)",1,13,https://www.youtube.com/watch?v=qZW_yF0VBR0,255.0
289,Love Comes Back,Stephanie Smith Mabey,Stephanie Smith Mabey,Stephanie Smith Mabey,,"EFY 2011: Believe, Hope, Endure (2011)",2,13,https://www.youtube.com/watch?v=7FQSp34mOyQ,167.0
290,The One,Audrey Bandley,Audrey Bandley; Russ Dixon,Audrey Bandley; Russ Dixon,,"EFY 2011: Believe, Hope, Endure (2011)",3,13,https://www.youtube.com/watch?v=TozHi7zMyj8,236.0
291,Hold On,Ryan Innes,Dustin Christensen; Russ Dixon,Dustin Christensen; Russ Dixon,,"EFY 2011: Believe, Hope, Endure (2011)",4,13,https://www.youtube.com/watch?v=axDtn71nqW8,221.0
292,What Faith Can Do,Scott Krippayne,Scott Davis; Scott Krippayne,Scott Davis; Scott Krippayne,,"EFY 2011: Believe, Hope, Endure (2011)",5,13,https://www.youtube.com/watch?v=wRxOafNrTmo,246.0
293,He Knows Me Better,Jenessa Buttars,Stephanie Smith Mabey,Stephanie Smith Mabey,,"EFY 2011: Believe, Hope, Endure (2011)",6,13,https://www.youtube.com/watch?v=Tq6MHmSXvBQ,178.0
294,No Regrets,Chad Neth,Tyler Castleton; Jenny Phillips,Tyler Castleton; Jenny Phillips,,"EFY 2011: Believe, Hope, Endure (2011)",7,13,https://www.youtube.com/watch?v=LXQU5CthPS0,228.0
295,Hard to Doubt,Dustin Christensen,Dustin Christensen,Dustin Christensen,,"EFY 2011: Believe, Hope, Endure (2011)",8,13,https://www.youtube.com/watch?v=5R1JQSN0Ybk,208.0
296,Hallelujah,Justin Williams,Justin Williams; Ryan Innes; Russ Dixon,Justin Williams; Ryan Innes; Russ Dixon,,"EFY 2011: Believe, Hope, Endure (2011)",9,13,https://www.youtube.com/watch?v=m9WnQwNw9qo,217.0
297,Come to the Mountain of the Lord,Jenny Jordan Frogley,Tyler Castleton; Staci Peters,Tyler Castleton; Staci Peters,,"EFY 2011: Believe, Hope, Endure (2011)",10,13,https://www.youtube.com/watch?v=dKRY2QFoI2M,255.0
298,I Know That My Redeemer Lives,Jen Marco Handy,Samuel Medley,Lewis D. Edwards,,"EFY 2011: Believe, Hope, Endure (2011)",11,13,https://www.youtube.com/watch?v=30kY7giIlqc,369.0
299,Take It Home,Jenn Blosil,Stephanie Smith Mabey,Stephanie Smith Mabey,,"EFY 2011: Believe, Hope, Endure (2011)",12,13,https://www.youtube.com/watch?v=RJVDh1CNHsA,243.0
300,Grace,David Tolk; Michael Dowdle; John Hancock; Aaron Ashton; Mackenzie Tolk,N/A,David Tolk,,"EFY 2011: Believe, Hope, Endure (2011)",13,13,https://www.youtube.com/watch?v=huVuiIggSws,192.0
301,Arise and Shine,David Osmond,Russ Dixon; Stephanie Smith Mabey,Russ Dixon; Stephanie Smith Mabey,,EFY 2012: Arise and Shine Forth (2012),1,12,https://www.youtube.com/watch?v=ut02uCZrmxY,209.0
302,He’ll Answer Back,Catherine Papworth,Dustin Christensen; Stephanie Smith Mabey,Dustin Christensen; Stephanie Smith Mabey,,EFY 2012: Arise and Shine Forth (2012),2,12,https://www.youtube.com/watch?v=5jBUI6g92P8,217.0
303,Never Be the Same,Eric Michels,Tyler Castleton,Tyler Castleton,,EFY 2012: Arise and Shine Forth (2012),3,12,https://www.youtube.com/watch?v=vkliq8McLmw,226.0
304,All Great Men,Tim Gates,Dustin Christensen; Russ Dixon,Dustin Christensen; Russ Dixon,,EFY 2012: Arise and Shine Forth (2012),4,12,https://www.youtube.com/watch?v=jQdhZD9xoWg,186.0
305,My Story,Kaity Whitcomb,Stephanie Smith Mabey,Stephanie Smith Mabey,,EFY 2012: Arise and Shine Forth (2012),5,12,https://www.youtube.com/watch?v=eEZwZewlaiY,191.0
306,I Feel My Savior’s Love,Haley Gibby,Ralph Rodgers Jr.; K. Newell Dayley; Laurie A. Huffman,K. Newell Dayley,,EFY 2012: Arise and Shine Forth (2012),6,12,https://www.youtube.com/watch?v=dx1qIhuqzDA,222.0
307,Give It All to Him,Tel Dyer,Tel Dyer,Tel Dyer,,EFY 2012: Arise and Shine Forth (2012),7,12,https://www.youtube.com/watch?v=8VTybbmO6S4,257.0
308,Waiting for Me,Julie Yardley,Tyler Castleton; Wayne Burton,Tyler Castleton; Wayne Burton,,EFY 2012: Arise and Shine Forth (2012),8,12,https://www.youtube.com/watch?v=7GkD-ji6C4o,216.0
309,See It in Everyone,Hannah Bradshaw,Dustin Christensen,Dustin Christensen,,EFY 2012: Arise and Shine Forth (2012),9,12,https://www.youtube.com/watch?v=XKkke6wU_1Q,182.0
310,Glorious,Russ Dixon,Stephanie Smith Mabey,Stephanie Smith Mabey,,EFY 2012: Arise and Shine Forth (2012),10,12,https://www.youtube.com/watch?v=3wejMi2JyTU,205.0
311,Best Days of Our Lives,Dustin Christensen,Dustin Christensen; Russ Dixon,Dustin Christensen; Russ Dixon,,EFY 2012: Arise and Shine Forth (2012),11,12,https://www.youtube.com/watch?v=-EBp2mKAwCg,227.0
312,A Light Within,William Joseph,N/A,William Joseph,,EFY 2012: Arise and Shine Forth (2012),12,12,https://www.youtube.com/watch?v=H8Ajswu40Rg,220.0
313,The Right Place,Beyond 5,Tyler Castleton; Russ Dixon; Scott Krippayne,Tyler Castleton; Russ Dixon; Scott Krippayne,,EFY 2013: Firm in the Faith (2013),1,13,https://www.youtube.com/watch?v=ry5bTxUMZiE,242.0
314,Days of My Youth,Dan Kartchner,Scott Krippayne; Russ Dixon,Scott Krippayne; Russ Dixon,,EFY 2013: Firm in the Faith (2013),2,13,https://www.youtube.com/watch?v=jV15gYyPYG0,207.0
315,Firm in the Faith,Scott Krippayne,Russ Dixon; Scott Krippayne,Russ Dixon; Scott Krippayne,,EFY 2013: Firm in the Faith (2013),3,13,https://www.youtube.com/watch?v=rCIsgMXmxN4,255.0
316,Even When You’re Broken,Julie Yardley,Scott Krippayne; Russ Dixon,Scott Krippayne; Russ Dixon,,EFY 2013: Firm in the Faith (2013),4,13,https://www.youtube.com/watch?v=JyIxVvk-3kk,210.0
317,I Decide,Dustin Christensen,Dustin Christensen,Dustin Christensen,,EFY 2013: Firm in the Faith (2013),5,13,https://www.youtube.com/watch?v=WLGndZNIB2Q,244.0
318,I Feel Heaven Here,Catherine Papworth,Catherine Papworth; Todd Schwartzman; Russ Dixon,Catherine Papworth; Todd Schwartzman; Russ Dixon,,EFY 2013: Firm in the Faith (2013),6,13,https://www.youtube.com/watch?v=QqiHHGuz7i0,220.0
319,One Day at a Time,Maddie Wilson,Dustin Christensen; Tyler Castleton,Dustin Christensen; Tyler Castleton,,EFY 2013: Firm in the Faith (2013),7,13,https://www.youtube.com/watch?v=6taw3OmKqEE,224.0
320,One Prayer Away,Colton Avery,Nik Day; Russ Dixon,Nik Day; Russ Dixon,,EFY 2013: Firm in the Faith (2013),8,13,https://www.youtube.com/watch?v=Z81wAB_Z_rw,194.0
321,The Girl I Am,Jenessa Buttars,Stephanie Smith Mabey,Stephanie Smith Mabey,,EFY 2013: Firm in the Faith (2013),9,13,https://www.youtube.com/watch?v=o6bL7ezELoc,154.0
322,We Can Do More,Ryan Innes,Nik Day,Nik Day,,EFY 2013: Firm in the Faith (2013),10,13,https://www.youtube.com/watch?v=EAXpUZpHZHA,198.0
323,Right Where You Are,Jessie Booth,Stephanie Smith Mabey,Stephanie Smith Mabey,,EFY 2013: Firm in the Faith (2013),11,13,https://www.youtube.com/watch?v=3vhj0cpTGvM,164.0
324,Who Am I,Nik Day,Nik Day,Nik Day,,EFY 2013: Firm in the Faith (2013),12,13,https://www.youtube.com/watch?v=fw-5GObjGuM,250.0
325,I Stand All Amazed,BYU Vocal Point; Ben Murphy (solo),Charles H. Gabriel,Charles H. Gabriel,,EFY 2013: Firm in the Faith (2013),13,13,https://www.youtube.com/watch?v=41B_4bI5SJ8,309.0
326,Anxiously Engaged,Rowan Taylor,Tyler Castleton; Russ Dixon; Scott Krippayne,Tyler Castleton; Russ Dixon; Scott Krippayne,,EFY 2014: Anxiously Engaged (2014),1,12,https://www.youtube.com/watch?v=Ml2DjJ38E5U,220.0
327,Solid Ground,Nik Day,Nik Day,Nik Day,,EFY 2014: Anxiously Engaged (2014),2,12,https://www.youtube.com/watch?v=y8zopD64OG8,223.0
328,I Am Enough,Nicole Sheahan,Stephanie Smith Mabey; Nik Day,Stephanie Smith Mabey; Nik Day,,EFY 2014: Anxiously Engaged (2014),3,12,https://www.youtube.com/watch?v=gAqcHQ5Mo_g,227.0
329,All I Need to Know,Patch Crowe,Tyler Castleton; Wayne Burton,Tyler Castleton; Wayne Burton,,EFY 2014: Anxiously Engaged (2014),4,12,https://www.youtube.com/watch?v=4Mx6XLjPArg,207.0
330,Silver Lining,Stephanie Smith Mabey,Stephanie Smith Mabey; Nik Day,Stephanie Smith Mabey; Nik Day,,EFY 2014: Anxiously Engaged (2014),5,12,https://www.youtube.com/watch?v=0Y3fU9Crlt0,194.0
331,Right Where I Belong,Chris Tenbau,Nik Day,Nik Day,,EFY 2014: Anxiously Engaged (2014),6,12,https://www.youtube.com/watch?v=BjLl1Ec4GSQ,204.0
332,Not the Only One,Scott Krippayne,Tyler Castleton; Russ Dixon; Scott Krippayne,Tyler Castleton; Russ Dixon; Scott Krippayne,,EFY 2014: Anxiously Engaged (2014),7,12,https://www.youtube.com/watch?v=ABfMeggkwfY,237.0
333,I Need Thee Every Hour,Beyond 5,Annie S. Hawks,Robert Lowry,,EFY 2014: Anxiously Engaged (2014),8,12,https://www.youtube.com/watch?v=mSG8RR7tTDs,205.0
334,Just How I Am,Laken Quigley,Nik Day,Nik Day,,EFY 2014: Anxiously Engaged (2014),9,12,https://www.youtube.com/watch?v=7KglZtt2u48,243.0
335,Listen,Colton Avery,Nik Day,Nik Day,,EFY 2014: Anxiously Engaged (2014),10,12,https://www.youtube.com/watch?v=2Y7de08gBzA,225.0
336,Sun’s Gonna Rise,Stephen Brown,Tyler Castleton; Russ Dixon; Scott Krippayne,Tyler Castleton; Russ Dixon; Scott Krippayne,,EFY 2014: Anxiously Engaged (2014),11,12,https://www.youtube.com/watch?v=BXbFHnwJBxg,233.0
337,When I Go,Jessica Frech,Scott Krippayne; Russ Dixon,Scott Krippayne; Russ Dixon,,EFY 2014: Anxiously Engaged (2014),12,12,https://www.youtube.com/watch?v=0rFOWVtBfvs,228.0
338,Here Am I,Spencer Forsey,Tyler Castleton; Russ Dixon; Scott Krippayne,Tyler Castleton; Russ Dixon; Scott Krippayne,,EFY 2015: Here Am I (2015),1,13,https://www.youtube.com/watch?v=dDeZp3tbaQg,246.0
339,We Are,Madilyn Paige,Chuck Butler; Ed Cash; Hillary McBride; James Tealy,Chuck Butler; Ed Cash; Hillary McBride; James Tealy,,EFY 2015: Here Am I (2015),2,13,https://www.youtube.com/watch?v=1hrFRytpES8,221.0
340,Dare to Stand Alone,Zac Love,Nik Day,Nik Day,,EFY 2015: Here Am I (2015),3,13,https://www.youtube.com/watch?v=fLs3ooo-IYc,197.0
341,I Believe,Catherine Papworth,Russ Dixon; Scott Krippayne; Tyler Castleton,Russ Dixon; Scott Krippayne; Tyler Castleton,,EFY 2015: Here Am I (2015),4,13,https://www.youtube.com/watch?v=Tm7jVYt_fKk,250.0
342,Miracle,Stephanie Smith Mabey,Nik Day,Nik Day,,EFY 2015: Here Am I (2015),5,13,https://www.youtube.com/watch?v=6E30Du8m0VQ,205.0
343,That’s Why,Scott Krippayne,Scott Krippayne; Tyler Castleton; Russ Dixon,Scott Krippayne; Tyler Castleton; Russ Dixon,,EFY 2015: Here Am I (2015),6,13,https://www.youtube.com/watch?v=eEFI_2cG1Is,220.0
344,He Showed Me How,David Archuleta,Stephanie Smith Mabey; David Archuleta,Stephanie Smith Mabey; David Archuleta,,EFY 2015: Here Am I (2015),7,13,https://www.youtube.com/watch?v=vgXUPddyo_0,222.0
345,The Man I’m Meant to Be,Tim Gates,Russ Dixon; Dustin Christensen; Tyler Castleton,Russ Dixon; Dustin Christensen; Tyler Castleton,,EFY 2015: Here Am I (2015),8,13,https://www.youtube.com/watch?v=-eQ5JibM2mw,239.0
346,He Hears Your Heart,Bryn Castleton,Stephanie Smith Mabey,Stephanie Smith Mabey,,EFY 2015: Here Am I (2015),9,13,https://www.youtube.com/watch?v=0m1Mey--hcQ,190.0
347,Not So Little,Nik Day,Nik Day,Nik Day,,EFY 2015: Here Am I (2015),10,13,https://www.youtube.com/watch?v=_vcZEpCQ920,204.0
348,Our Savior’s Love,Hilary Weeks,Edward L. Hart,Crawford Gates,,EFY 2015: Here Am I (2015),11,13,https://www.youtube.com/watch?v=eOKbD9w8uos,240.0
349,Lay It Down,Julie Rose,Tyler Castleton; Russ Dixon,Tyler Castleton; Russ Dixon,,EFY 2015: Here Am I (2015),12,13,https://www.youtube.com/watch?v=CY2Sn0hy6uI,276.0
350,Legacy,Stephen Brown,Tyler Castleton; Russ Dixon; Scott Krippayne; Tyler Norton,Tyler Castleton; Russ Dixon; Scott Krippayne; Tyler Norton,,EFY 2015: Here Am I (2015),13,13,https://www.youtube.com/watch?v=03xGXsKN16s,242.0
351,What Matters Most,Abe Kaelin,Russ Dixon; Scott Krippayne,Russ Dixon; Scott Krippayne,,EFY 2016: What Matters Most (2016),1,12,https://www.youtube.com/watch?v=mRDF-epdi4I,227.0
352,Grateful in All Things,Keiyana Osmond,Stephanie Smith Mabey,Stephanie Smith Mabey,,EFY 2016: What Matters Most (2016),2,12,https://www.youtube.com/watch?v=HbgJoK6Hc74,192.0
353,You Are Called,Christian Love,Nik Day,Nik Day,,EFY 2016: What Matters Most (2016),3,12,https://www.youtube.com/watch?v=4GTR1WW7jk4,207.0
354,Change Your Heart,Jenn Blosil,Nik Day,Nik Day,,EFY 2016: What Matters Most (2016),4,12,https://www.youtube.com/watch?v=Uaq02yunvvM,215.0
355,Light of the World,Ryan Innes,Scott Krippayne; Russ Dixon,Scott Krippayne; Russ Dixon,,EFY 2016: What Matters Most (2016),5,12,https://www.youtube.com/watch?v=i-e5qXqca4g,202.0
356,Daughters,Jenny Reynolds,Stephanie Smith Mabey,Stephanie Smith Mabey,,EFY 2016: What Matters Most (2016),6,12,https://www.youtube.com/watch?v=wFBPpcXclsE,222.0
357,New Song,Scott Krippayne,Russ Dixon; Scott Krippayne,Russ Dixon; Scott Krippayne,,EFY 2016: What Matters Most (2016),7,12,https://www.youtube.com/watch?v=Cggjg5gc8JA,206.0
358,Real to Me,Anna Richey,Tyler Castleton,Tyler Castleton,,EFY 2016: What Matters Most (2016),8,12,https://www.youtube.com/watch?v=ANz_ZCYiBf8,262.0
359,Real Man,Eric Michels,Nik Day; Russ Dixon,Nik Day; Russ Dixon,,EFY 2016: What Matters Most (2016),9,12,https://www.youtube.com/watch?v=mPbAs2A8mhg,231.0
360,Still Small Voice,Jena Woods,Nik Day; Russ Dixon,Nik Day; Russ Dixon,,EFY 2016: What Matters Most (2016),10,12,https://www.youtube.com/watch?v=88dEHsXSrHE,206.0
361,Last Time,Nik Day,Nik Day,Nik Day,,EFY 2016: What Matters Most (2016),11,12,https://www.youtube.com/watch?v=H9VpMeA61s8,194.0
362,Because He Lives,Nick Neel,Tyler Castleton,Tyler Castleton,,EFY 2016: What Matters Most (2016),12,12,https://www.youtube.com/watch?v=A_PCZdWLUK4,228.0
363,The Way to Become,Jamison Tyler,Russ Dixon; Scott Krippayne,Russ Dixon; Scott Krippayne,,EFY 2017: The Way to Become (2017),1,12,https://www.youtube.com/watch?v=mDgRJYpVUTg,236.0
364,Call of a Lifetime,Logan Shelton,Wayne Burton,Wayne Burton,,EFY 2017: The Way to Become (2017),2,12,https://www.youtube.com/watch?v=-qxHMV7dgnU,218.0
365,He Believes in You,Gabrielle McKeon,Nik Day,Nik Day,,EFY 2017: The Way to Become (2017),3,12,https://www.youtube.com/watch?v=pgpr52PMOPo,205.0
366,Stand,Brian Richton,Russ Dixon; Scott Krippayne,Russ Dixon; Scott Krippayne,,EFY 2017: The Way to Become (2017),4,12,https://www.youtube.com/watch?v=fGnBV4mfw2k,258.0
367,One More Day,Brandon Harms,Nik Day,Nik Day,,EFY 2017: The Way to Become (2017),5,12,https://www.youtube.com/watch?v=Yf1tO2MZdlE,210.0
368,He Loves You Enough,Aubrey Toone; Cayson Renshaw,Nik Day,Nik Day,,EFY 2017: The Way to Become (2017),6,12,https://www.youtube.com/watch?v=5FWw2XN6lpU,182.0
369,Forgive,Nik Day,Nik Day,Nik Day,,EFY 2017: The Way to Become (2017),7,12,https://www.youtube.com/watch?v=qIs5PS-2RPM,222.0
370,Belief,Kenz Hall,Nik Day,Nik Day,,EFY 2017: The Way to Become (2017),8,12,https://www.youtube.com/watch?v=hOPyd7eYeF4,217.0
371,Live,Yahosh Bonner,Russ Dixon; Scott Krippayne,Russ Dixon; Scott Krippayne,,EFY 2017: The Way to Become (2017),9,12,https://www.youtube.com/watch?v=HZ8B_Gm83Ag,225.0
372,Truth Never Changes,Maddie Wilson,Nik Day,Nik Day,,EFY 2017: The Way to Become (2017),10,12,https://www.youtube.com/watch?v=h_MbWu5-THo,191.0
373,Every Mountain,Patch Crowe,Nik Day,Nik Day,,EFY 2017: The Way to Become (2017),11,12,https://www.youtube.com/watch?v=_FoEx0eh5vQ,196.0
374,His Love Will Lead You Home,Julie Rose,Tyler Castleton; Wayne Burton,Tyler Castleton; Wayne Burton,,EFY 2017: The Way to Become (2017),12,12,https://www.youtube.com/watch?v=HNlvV1yjRgc,275.0
375,Choose Joy,Scott Krippayne,Tyler Castleton; Scott Krippayne,Tyler Castleton; Scott Krippayne,,EFY 2018: Choose Joy (2018),1,13,https://www.youtube.com/watch?v=d3hUZRnK-MU,245.0
376,Bring You Home,Nik Day,Nik Day; Kendra Lowe,Nik Day; Kendra Lowe,,EFY 2018: Choose Joy (2018),2,13,https://www.youtube.com/watch?v=agBkl63tvvU,185.0
377,Light the Dark,Gabrielle McKeon,Stephanie Smith Mabey,Stephanie Smith Mabey,,EFY 2018: Choose Joy (2018),3,13,https://www.youtube.com/watch?v=MtsS8JG1vDw,227.0
378,All I’ll Ever Be,Patch Crowe,Tyler Castleton; Wayne Burton,Tyler Castleton; Wayne Burton,,EFY 2018: Choose Joy (2018),4,13,https://www.youtube.com/watch?v=KFIRaKtZ3r8,233.0
379,For You,Sage Patchin,Hilary Weeks,Hilary Weeks,,EFY 2018: Choose Joy (2018),5,13,https://www.youtube.com/watch?v=DeLWB9DTcHw,226.0
380,Daughters of God,Madilyn Paige,Nik Day,Nik Day,,EFY 2018: Choose Joy (2018),6,13,https://www.youtube.com/watch?v=qOVuhbKkI1k,193.0
381,It Begins With You,Cayson Renshaw,Nik Day,Nik Day,,EFY 2018: Choose Joy (2018),7,13,https://www.youtube.com/watch?v=1grRqADcQP0,191.0
382,There Is One,Hilary Weeks,Hilary Weeks,Hilary Weeks,,EFY 2018: Choose Joy (2018),8,13,https://www.youtube.com/watch?v=BjQBRxiHduU,215.0
383,Evidence,Jantzen Dalley,Tyler Castleton,Tyler Castleton,,EFY 2018: Choose Joy (2018),9,13,https://www.youtube.com/watch?v=CmYebL0CLnQ,263.0
384,Something Different,Aubrey Toone,Nik Day,Nik Day,,EFY 2018: Choose Joy (2018),10,13,https://www.youtube.com/watch?v=c9AQpcajnwo,183.0
385,Living Water,Lauryn Judd,Nik Day; Tyler Castleton,Nik Day; Tyler Castleton,,EFY 2018: Choose Joy (2018),11,13,https://www.youtube.com/watch?v=spObWcqC8gg,245.0
386,This Season,Zac Love,Tyler Castleton; Nik Day,Tyler Castleton; Nik Day,,EFY 2018: Choose Joy (2018),12,13,https://www.youtube.com/watch?v=j-iPimp_nzc,208.0
387,Evidence(Demo Version),Patch Crowe,Tyler Castleton,Tyler Castleton,,EFY 2018: Choose Joy (2018),13,13,https://www.youtube.com/watch?v=p0UP8Gvdfy4,261.0
388,Trust With All Your Heart,Hannah Eyre,Scott Krippayne; Tyler Castleton,Scott Krippayne; Tyler Castleton,,EFY 2019: Trust With All Thine Heart (2019),1,12,https://www.youtube.com/watch?v=M1wWGaFnHkU,236.0
389,Battle Cry,Logan Shelton,Scott Krippayne; Tyler Castleton,Scott Krippayne; Tyler Castleton,,EFY 2019: Trust With All Thine Heart (2019),2,12,https://www.youtube.com/watch?v=nlbOJEYt0C8,216.0
390,Right Here,Alyssa Crockett,Nik Day,Nik Day,,EFY 2019: Trust With All Thine Heart (2019),3,12,https://www.youtube.com/watch?v=CeTaAypVxxc,192.0
391,Answers,Cayson Renshaw,Tyler Castleton; Wayne Burton,Tyler Castleton; Wayne Burton,,EFY 2019: Trust With All Thine Heart (2019),4,12,https://www.youtube.com/watch?v=R5YQO9eXs1M,250.0
392,This Is Grace,Amy Geis,Hilary Weeks; Tyler Castleton,Hilary Weeks; Tyler Castleton,,EFY 2019: Trust With All Thine Heart (2019),5,12,https://www.youtube.com/watch?v=YVK9LwQxo00,290.0
393,The Calm,Nik Day,Nik Day,Nik Day,,EFY 2019: Trust With All Thine Heart (2019),6,12,https://www.youtube.com/watch?v=2R6Dc7JJHM0,194.0
394,We Stand,Lauryn Judd,Nik Day,Nik Day,,EFY 2019: Trust With All Thine Heart (2019),7,12,https://www.youtube.com/watch?v=SLw3YpJ5DlE,152.0
395,Faces,Gabrielle McKeon,Tyler Castleton; Wayne Burton,Tyler Castleton; Wayne Burton,,EFY 2019: Trust With All Thine Heart (2019),8,12,https://www.youtube.com/watch?v=q7_ush0maMo,215.0
396,He’ll Never Let You Go,Patch Crowe,Nik Day,Nik Day,,EFY 2019: Trust With All Thine Heart (2019),9,12,https://www.youtube.com/watch?v=_LuUgtyyqs8,270.0
397,Count Me In,Josh Dalley,Tyler Castleton; Wayne Burton,Tyler Castleton; Wayne Burton,,EFY 2019: Trust With All Thine Heart (2019),10,12,https://www.youtube.com/watch?v=l96DDM35HbQ,217.0
398,A Missionary’s Prayer,Anna Richey,Tyler Castleton; Wayne Burton,Tyler Castleton; Wayne Burton,,EFY 2019: Trust With All Thine Heart (2019),11,12,https://www.youtube.com/watch?v=GT140NtlkSA,235.0
399,I Know,Elisha Garrett,Hilary Weeks,Hilary Weeks,,EFY 2019: Trust With All Thine Heart (2019),12,12,https://www.youtube.com/watch?v=CrTSTm5S9_s,225.0
